,id,text,source_atom_ids,source_atom_texts,source_atom_families,pairwise_sims,n_atoms,family_pattern
0,f233d0d90ddc,active arch,"['beh_active', 'arc_arch']","['active', 'arch']","['behavioral', 'architecture']",{'beh_active|arc_arch': 0.1786},2,behavioral+architecture
1,645d60c8ddc9,play of brilliance stone,"['lit_sparkle', 'mat_stone']","['play of brilliance', 'stone']","['lighting', 'material']",{'lit_sparkle|mat_stone': 0.1601},2,lighting+material
2,f5379677b249,curtain fabric,"['dec_curtain', 'mat_fabric']","['curtain', 'fabric']","['decoration', 'material']",{'dec_curtain|mat_fabric': 0.4512},2,decoration+material
3,bb0fb8489aa6,sofa subterranean,"['fur_sofa', 'spa_subterranean']","['sofa', 'subterranean']","['furniture', 'spatial']",{'fur_sofa|spa_subterranean': 0.2308},2,furniture+spatial
4,17ba9534ef04,layered beige,"['qua_layered', 'col_beige']","['layered', 'beige']","['quality', 'color']",{'qua_layered|col_beige': 0.274},2,quality+color
5,cd9b42275686,expansive side table,"['spa_expansive', 'fur_side_table']","['expansive', 'side table']","['spatial', 'furniture']",{'spa_expansive|fur_side_table': 0.1435},2,spatial+furniture
6,15f3b450b7f5,beam ceramic,"['arc_beam', 'mat_ceramic']","['beam', 'ceramic']","['architecture', 'material']",{'arc_beam|mat_ceramic': 0.2064},2,architecture+material
7,46c5c7443632,flowers cool,"['dec_flowers', 'qua_cool']","['flowers', 'cool']","['decoration', 'quality']",{'dec_flowers|qua_cool': 0.187},2,decoration+quality
8,d1da78f56bd9,column scintillating,"['arc_column', 'lit_scintillating']","['column', 'scintillating']","['architecture', 'lighting']",{'arc_column|lit_scintillating': 0.2303},2,architecture+lighting
9,94968a61b0cc,refuge-taking compact,"['beh_refuge', 'spa_compact']","['refuge-taking', 'compact']","['behavioral', 'spatial']",{'beh_refuge|spa_compact': 0.1767},2,behavioral+spatial
10,56ee07cdb9eb,diffuse warm,"['lit_diffuse', 'qua_warm']","['diffuse', 'warm']","['lighting', 'quality']",{'lit_diffuse|qua_warm': 0.2769},2,lighting+quality
11,f48ebf563ca0,shadowed ochre,"['qua_shadowed', 'col_ochre']","['shadowed', 'ochre']","['quality', 'color']",{'qua_shadowed|col_ochre': 0.2811},2,quality+color
12,3dd0527528fa,balustrade labyrinthine,"['arc_balustrade', 'spa_labyrinthine']","['balustrade', 'labyrinthine']","['architecture', 'spatial']",{'arc_balustrade|spa_labyrinthine': 0.2618},2,architecture+spatial
13,7951d8fef2a9,silhouetted nave,"['lit_silhouetted', 'arc_nave']","['silhouetted', 'nave']","['lighting', 'architecture']",{'lit_silhouetted|arc_nave': 0.1934},2,lighting+architecture
14,034fd02308f8,overlapping light,"['rel_overlapping', 'qua_light']","['overlapping', 'light']","['relation', 'quality']",{'rel_overlapping|qua_light': 0.1449},2,relation+quality
15,4f27635eee3a,glass plinth,"['mat_glass', 'arc_plinth']","['glass', 'plinth']","['material', 'architecture']",{'mat_glass|arc_plinth': 0.2347},2,material+architecture
16,dd60025ef83a,interstitial chair,"['spa_interstitial', 'fur_chair']","['interstitial', 'chair']","['spatial', 'furniture']",{'spa_interstitial|fur_chair': 0.2586},2,spatial+furniture
17,6e42dbe507f2,atrium hard,"['arc_atrium', 'qua_hard']","['atrium', 'hard']","['architecture', 'quality']",{'arc_atrium|qua_hard': 0.0483},2,architecture+quality
18,485c01361d04,deep blue buttress,"['col_deep_blue', 'arc_buttress']","['deep blue', 'buttress']","['color', 'architecture']",{'col_deep_blue|arc_buttress': 0.1971},2,color+architecture
19,c48ccbf30c06,compressed portico,"['spa_compressed', 'arc_portico']","['compressed', 'portico']","['spatial', 'architecture']",{'spa_compressed|arc_portico': 0.1081},2,spatial+architecture
20,7efc4701bca2,threshold cantilevered,"['arc_threshold', 'rel_cantilevered']","['threshold', 'cantilevered']","['architecture', 'relation']",{'arc_threshold|rel_cantilevered': 0.2525},2,architecture+relation
21,e37e877dc222,indirect bay window,"['lit_indirect', 'arc_bay_window']","['indirect', 'bay window']","['lighting', 'architecture']",{'lit_indirect|arc_bay_window': 0.133},2,lighting+architecture
22,79fd4bc8fec0,warm white skylight,"['col_warm_white', 'arc_skylight']","['warm white', 'skylight']","['color', 'architecture']",{'col_warm_white|arc_skylight': 0.2484},2,color+architecture
23,92371469147c,brick nave,"['mat_brick', 'arc_nave']","['brick', 'nave']","['material', 'architecture']",{'mat_brick|arc_nave': 0.1407},2,material+architecture
24,44ca5b02fc57,outward-facing pavilion,"['rel_outward', 'arc_pavilion']","['outward-facing', 'pavilion']","['relation', 'architecture']",{'rel_outward|arc_pavilion': 0.3502},2,relation+architecture
25,85d5049dfefc,muted green corrugated metal,"['col_muted_green', 'mat_corrugated_metal']","['muted green', 'corrugated metal']","['color', 'material']",{'col_muted_green|mat_corrugated_metal': 0.1883},2,color+material
26,ef149f1adcf5,circulating window,"['beh_circulating', 'arc_window']","['circulating', 'window']","['behavioral', 'architecture']",{'beh_circulating|arc_window': 0.2412},2,behavioral+architecture
27,ce4cba2dedec,symmetrical colonnade,"['rel_symmetrical', 'arc_colonnade']","['symmetrical', 'colonnade']","['relation', 'architecture']",{'rel_symmetrical|arc_colonnade': 0.1924},2,relation+architecture
28,b3dada2ab03f,leather translucent,"['mat_leather', 'qua_translucent']","['leather', 'translucent']","['material', 'quality']",{'mat_leather|qua_translucent': 0.2375},2,material+quality
29,72762ba9c112,ashlar stone bench,"['mat_ashlar_stone', 'fur_bench']","['ashlar stone', 'bench']","['material', 'furniture']",{'mat_ashlar_stone|fur_bench': 0.1466},2,material+furniture
30,a306d2f9b507,soffit soft,"['arc_soffit', 'qua_soft']","['soffit', 'soft']","['architecture', 'quality']",{'arc_soffit|qua_soft': 0.1936},2,architecture+quality
31,1e43aa715be2,smooth emerald,"['qua_smooth', 'col_emerald']","['smooth', 'emerald']","['quality', 'color']",{'qua_smooth|col_emerald': 0.2527},2,quality+color
32,0a463daf3a1b,beige portico,"['col_beige', 'arc_portico']","['beige', 'portico']","['color', 'architecture']",{'col_beige|arc_portico': 0.1557},2,color+architecture
33,74bf6c21b7e9,rammed earth armchair,"['mat_rammed_earth', 'fur_armchair']","['rammed earth', 'armchair']","['material', 'furniture']",{'mat_rammed_earth|fur_armchair': 0.1574},2,material+furniture
34,69f3702b5272,linen formal,"['mat_linen', 'qua_formal']","['linen', 'formal']","['material', 'quality']",{'mat_linen|qua_formal': 0.2525},2,material+quality
35,6cfbe61b1fff,cantilevered expansive,"['rel_cantilevered', 'spa_expansive']","['cantilevered', 'expansive']","['relation', 'spatial']",{'rel_cantilevered|spa_expansive': 0.2581},2,relation+spatial
36,e1ae67cede90,lofty radial,"['spa_lofty', 'rel_radial']","['lofty', 'radial']","['spatial', 'relation']",{'spa_lofty|rel_radial': 0.191},2,spatial+relation
37,7a2c2d050070,tectonic expansive,"['qua_tectonic', 'spa_expansive']","['tectonic', 'expansive']","['quality', 'spatial']",{'qua_tectonic|spa_expansive': 0.2951},2,quality+spatial
38,c870366c139d,wardrobe light,"['fur_wardrobe', 'qua_light']","['wardrobe', 'light']","['furniture', 'quality']",{'fur_wardrobe|qua_light': 0.2474},2,furniture+quality
39,cb3a8b4144b7,velvet translucent,"['mat_velvet', 'qua_translucent']","['velvet', 'translucent']","['material', 'quality']",{'mat_velvet|qua_translucent': 0.3618},2,material+quality
40,8007dc65d3d3,active central,"['beh_active', 'spa_central']","['active', 'central']","['behavioral', 'spatial']",{'beh_active|spa_central': 0.205},2,behavioral+spatial
41,d81fc49a6cff,cushion vivid,"['dec_cushion', 'qua_vivid']","['cushion', 'vivid']","['decoration', 'quality']",{'dec_cushion|qua_vivid': 0.2367},2,decoration+quality
42,1d6685ee9b7f,polycarbonate porous,"['mat_polycarbonate', 'qua_porous']","['polycarbonate', 'porous']","['material', 'quality']",{'mat_polycarbonate|qua_porous': 0.3856},2,material+quality
43,a927b7d758a5,alcove pale yellow,"['arc_alcove', 'col_pale_yellow']","['alcove', 'pale yellow']","['architecture', 'color']",{'arc_alcove|col_pale_yellow': 0.1701},2,architecture+color
44,157bcf6b2447,arch filtered light,"['arc_arch', 'lit_filter']","['arch', 'filtered light']","['architecture', 'lighting']",{'arc_arch|lit_filter': -0.0106},2,architecture+lighting
45,06457a20c73b,indigo workbench,"['col_indigo', 'fur_workbench']","['indigo', 'workbench']","['color', 'furniture']",{'col_indigo|fur_workbench': 0.1957},2,color+furniture
46,68d19a4a0612,sculpture terracotta,"['dec_sculpture', 'col_terracotta_pigment']","['sculpture', 'terracotta']","['decoration', 'color']",{'dec_sculpture|col_terracotta_pigment': 0.5152},2,decoration+color
47,81ec6c301ff2,enveloping rotunda,"['lit_enveloping', 'arc_rotunda']","['enveloping', 'rotunda']","['lighting', 'architecture']",{'lit_enveloping|arc_rotunda': 0.1709},2,lighting+architecture
48,2a99efa6a606,travertine armchair,"['mat_travertine', 'fur_armchair']","['travertine', 'armchair']","['material', 'furniture']",{'mat_travertine|fur_armchair': 0.118},2,material+furniture
49,797f521e102c,aged velvet,"['qua_aged', 'mat_velvet']","['aged', 'velvet']","['quality', 'material']",{'qua_aged|mat_velvet': 0.2476},2,quality+material
50,55763bb3445b,passive dining table,"['beh_passive', 'fur_dining_table']","['passive', 'dining table']","['behavioral', 'furniture']",{'beh_passive|fur_dining_table': 0.0602},2,behavioral+furniture
51,0077388802f7,concrete vault,"['mat_concrete', 'arc_vault']","['concrete', 'vault']","['material', 'architecture']",{'mat_concrete|arc_vault': 0.226},2,material+architecture
52,461f0ef5c711,ambient luminescence vivid,"['lit_ambient', 'qua_vivid']","['ambient luminescence', 'vivid']","['lighting', 'quality']",{'lit_ambient|qua_vivid': 0.2854},2,lighting+quality
53,256866fc6f56,concrete worn,"['mat_concrete', 'qua_worn']","['concrete', 'worn']","['material', 'quality']",{'mat_concrete|qua_worn': 0.1988},2,material+quality
54,0efc545128bb,warm canopy,"['qua_warm', 'arc_canopy']","['warm', 'canopy']","['quality', 'architecture']",{'qua_warm|arc_canopy': 0.1914},2,quality+architecture
55,b69237e240b6,indigo painting,"['col_indigo', 'dec_painting']","['indigo', 'painting']","['color', 'decoration']",{'col_indigo|dec_painting': 0.2725},2,color+decoration
56,97bade37cbbc,side table aged,"['fur_side_table', 'qua_aged']","['side table', 'aged']","['furniture', 'quality']",{'fur_side_table|qua_aged': 0.0566},2,furniture+quality
57,83f3825bb65a,atrium continuous,"['arc_atrium', 'rel_continuous']","['atrium', 'continuous']","['architecture', 'relation']",{'arc_atrium|rel_continuous': 0.179},2,architecture+relation
58,2a01192ea241,cobalt blue bay window,"['col_cobalt', 'arc_bay_window']","['cobalt blue', 'bay window']","['color', 'architecture']",{'col_cobalt|arc_bay_window': 0.1996},2,color+architecture
59,bc8e4132815a,dispersed alcove,"['rel_dispersed', 'arc_alcove']","['dispersed', 'alcove']","['relation', 'architecture']",{'rel_dispersed|arc_alcove': 0.2709},2,relation+architecture
60,cdc2f9b163a5,cantilevered light,"['rel_cantilevered', 'qua_light']","['cantilevered', 'light']","['relation', 'quality']",{'rel_cantilevered|qua_light': 0.19},2,relation+quality
61,aee3c1f7d835,clerestory heavy,"['arc_clerestory', 'qua_heavy']","['clerestory', 'heavy']","['architecture', 'quality']",{'arc_clerestory|qua_heavy': 0.159},2,architecture+quality
62,b470da1a1f6c,peripheral loggia,"['spa_peripheral', 'arc_loggia']","['peripheral', 'loggia']","['spatial', 'architecture']",{'spa_peripheral|arc_loggia': 0.203},2,spatial+architecture
63,06a0bdb6c4f0,chaotic cabinet,"['qua_chaotic', 'fur_cabinet']","['chaotic', 'cabinet']","['quality', 'furniture']",{'qua_chaotic|fur_cabinet': 0.1842},2,quality+furniture
64,940a4d2a9b50,zenithal pavilion,"['lit_zenithal', 'arc_pavilion']","['zenithal', 'pavilion']","['lighting', 'architecture']",{'lit_zenithal|arc_pavilion': 0.3171},2,lighting+architecture
65,1186c2bf4ee8,ceiling axial,"['arc_ceiling', 'rel_axial']","['ceiling', 'axial']","['architecture', 'relation']",{'arc_ceiling|rel_axial': 0.1817},2,architecture+relation
66,95797a3c7f75,stool quiet,"['fur_stool', 'beh_quiet']","['stool', 'quiet']","['furniture', 'behavioral']",{'fur_stool|beh_quiet': 0.2105},2,furniture+behavioral
67,28e2f5b66306,indirect liminal,"['lit_indirect', 'spa_liminal']","['indirect', 'liminal']","['lighting', 'spatial']",{'lit_indirect|spa_liminal': 0.2285},2,lighting+spatial
68,f063c133ad34,liminal radial,"['spa_liminal', 'rel_radial']","['liminal', 'radial']","['spatial', 'relation']",{'spa_liminal|rel_radial': 0.1959},2,spatial+relation
69,3d5b7edffee7,chair ochre,"['fur_chair', 'col_ochre']","['chair', 'ochre']","['furniture', 'color']",{'fur_chair|col_ochre': 0.2511},2,furniture+color
70,36f8d0c40f73,cabinet heavy,"['fur_cabinet', 'qua_heavy']","['cabinet', 'heavy']","['furniture', 'quality']",{'fur_cabinet|qua_heavy': 0.2184},2,furniture+quality
71,a61cbd87994b,collaborative transept,"['beh_collaborative', 'arc_transept']","['collaborative', 'transept']","['behavioral', 'architecture']",{'beh_collaborative|arc_transept': 0.1684},2,behavioral+architecture
72,5a5518a28da3,concrete layered,"['mat_concrete', 'qua_layered']","['concrete', 'layered']","['material', 'quality']",{'mat_concrete|qua_layered': 0.2886},2,material+quality
73,443dba137e94,interstitial alcove,"['spa_interstitial', 'arc_alcove']","['interstitial', 'alcove']","['spatial', 'architecture']",{'spa_interstitial|arc_alcove': 0.2296},2,spatial+architecture
74,33dd1b424d58,armchair felt,"['fur_armchair', 'mat_felt']","['armchair', 'felt']","['furniture', 'material']",{'fur_armchair|mat_felt': 0.2581},2,furniture+material
75,19a76ca9c580,marble buttress,"['mat_marble', 'arc_buttress']","['marble', 'buttress']","['material', 'architecture']",{'mat_marble|arc_buttress': 0.2726},2,material+architecture
76,1ea101519157,pristine eggshell,"['qua_pristine', 'col_eggshell']","['pristine', 'eggshell']","['quality', 'color']",{'qua_pristine|col_eggshell': 0.2668},2,quality+color
77,1139ce83816b,bookshelf cold,"['fur_bookshelf', 'qua_cold']","['bookshelf', 'cold']","['furniture', 'quality']",{'fur_bookshelf|qua_cold': 0.1447},2,furniture+quality
78,9ac63960f53a,wardrobe monolithic,"['fur_wardrobe', 'qua_monolithic']","['wardrobe', 'monolithic']","['furniture', 'quality']",{'fur_wardrobe|qua_monolithic': 0.1552},2,furniture+quality
79,ecc6faf49a8b,cavernous balustrade,"['spa_cavernous', 'arc_balustrade']","['cavernous', 'balustrade']","['spatial', 'architecture']",{'spa_cavernous|arc_balustrade': 0.3134},2,spatial+architecture
80,dab0c6c2b2ee,wall tall,"['arc_wall', 'spa_tall']","['wall', 'tall']","['architecture', 'spatial']",{'arc_wall|spa_tall': 0.3017},2,architecture+spatial
81,86e66163b88a,muted door,"['qua_muted', 'arc_door']","['muted', 'door']","['quality', 'architecture']",{'qua_muted|arc_door': 0.1813},2,quality+architecture
82,6a60c6a51a85,muted green pavilion,"['col_muted_green', 'arc_pavilion']","['muted green', 'pavilion']","['color', 'architecture']",{'col_muted_green|arc_pavilion': 0.1492},2,color+architecture
83,249fd4bc4874,arcade filtered light,"['arc_arcade', 'lit_filter']","['arcade', 'filtered light']","['architecture', 'lighting']",{'arc_arcade|lit_filter': 0.0436},2,architecture+lighting
84,b61cf6b79999,computer window,"['tec_computer', 'arc_window']","['computer', 'window']","['technology', 'architecture']",{'tec_computer|arc_window': 0.4388},2,technology+architecture
85,b2838bb876aa,terracotta bamboo,"['col_terracotta_pigment', 'mat_bamboo']","['terracotta', 'bamboo']","['color', 'material']",{'col_terracotta_pigment|mat_bamboo': 0.4732},2,color+material
86,c3e54162a18c,portal fabric,"['arc_portal', 'mat_fabric']","['portal', 'fabric']","['architecture', 'material']",{'arc_portal|mat_fabric': 0.2424},2,architecture+material
87,538d8026aa48,refined interstitial,"['qua_refined', 'spa_interstitial']","['refined', 'interstitial']","['quality', 'spatial']",{'qua_refined|spa_interstitial': 0.2262},2,quality+spatial
88,3ce4f2c23203,silhouetted raw,"['lit_silhouetted', 'qua_raw']","['silhouetted', 'raw']","['lighting', 'quality']",{'lit_silhouetted|qua_raw': 0.3003},2,lighting+quality
89,70a8c16c1380,chaise longue travertine,"['fur_chaise', 'mat_travertine']","['chaise longue', 'travertine']","['furniture', 'material']",{'fur_chaise|mat_travertine': 0.2204},2,furniture+material
90,38e5ac6ce87d,light felt,"['qua_light', 'mat_felt']","['light', 'felt']","['quality', 'material']",{'qua_light|mat_felt': 0.2398},2,quality+material
91,a701e1885bd0,fireplace beige,"['fix_fireplace', 'col_beige']","['fireplace', 'beige']","['fixture', 'color']",{'fix_fireplace|col_beige': 0.1912},2,fixture+color
92,c80cb7f1b629,bone white limewash,"['col_bone_white', 'mat_limewash']","['bone white', 'limewash']","['color', 'material']",{'col_bone_white|mat_limewash': 0.408},2,color+material
93,600c527ebea4,sculpture monumental,"['dec_sculpture', 'qua_monumental']","['sculpture', 'monumental']","['decoration', 'quality']",{'dec_sculpture|qua_monumental': 0.3195},2,decoration+quality
94,f820348f74a7,grazing light lofty,"['lit_grazing', 'spa_lofty']","['grazing light', 'lofty']","['lighting', 'spatial']",{'lit_grazing|spa_lofty': 0.1067},2,lighting+spatial
95,27199f90839a,plant pristine,"['dec_plant', 'qua_pristine']","['plant', 'pristine']","['decoration', 'quality']",{'dec_plant|qua_pristine': 0.1626},2,decoration+quality
96,654ebbf113f0,indigo utilitarian,"['col_indigo', 'qua_utilitarian']","['indigo', 'utilitarian']","['color', 'quality']",{'col_indigo|qua_utilitarian': 0.0956},2,color+quality
97,68c3eea333d2,retreat sofa,"['beh_retreat', 'fur_sofa']","['retreat', 'sofa']","['behavioral', 'furniture']",{'beh_retreat|fur_sofa': 0.2948},2,behavioral+furniture
98,c0de2df40b35,translucent rammed earth,"['qua_translucent', 'mat_rammed_earth']","['translucent', 'rammed earth']","['quality', 'material']",{'qua_translucent|mat_rammed_earth': 0.1404},2,quality+material
99,196431494d8b,bench warm white,"['fur_bench', 'col_warm_white']","['bench', 'warm white']","['furniture', 'color']",{'fur_bench|col_warm_white': 0.1798},2,furniture+color
100,d1e9c7770f1e,clerestory dim,"['arc_clerestory', 'qua_dim']","['clerestory', 'dim']","['architecture', 'quality']",{'arc_clerestory|qua_dim': 0.2672},2,architecture+quality
101,b849d2ae3929,compact quiet,"['spa_compact', 'beh_quiet']","['compact', 'quiet']","['spatial', 'behavioral']",{'spa_compact|beh_quiet': 0.2746},2,spatial+behavioral
102,2608251c2b6c,compact dome,"['spa_compact', 'arc_dome']","['compact', 'dome']","['spatial', 'architecture']",{'spa_compact|arc_dome': 0.3084},2,spatial+architecture
103,6e984c99a762,dome asymmetrical,"['arc_dome', 'rel_asymmetrical']","['dome', 'asymmetrical']","['architecture', 'relation']",{'arc_dome|rel_asymmetrical': 0.1388},2,architecture+relation
104,ebcaa434f25f,bay window terracotta,"['arc_bay_window', 'col_terracotta']","['bay window', 'terracotta']","['architecture', 'color']",{'arc_bay_window|col_terracotta': 0.1815},2,architecture+color
105,9a1daabf14cb,utilitarian stair,"['qua_utilitarian', 'arc_stair']","['utilitarian', 'stair']","['quality', 'architecture']",{'qua_utilitarian|arc_stair': 0.1466},2,quality+architecture
106,65ce4a88f109,zinc balcony,"['mat_zinc', 'arc_balcony']","['zinc', 'balcony']","['material', 'architecture']",{'mat_zinc|arc_balcony': 0.1776},2,material+architecture
107,268e3c9d4174,screen plinth,"['tec_screen', 'arc_plinth']","['screen', 'plinth']","['technology', 'architecture']",{'tec_screen|arc_plinth': 0.208},2,technology+architecture
108,8eb745b8ad17,refined coffee table,"['qua_refined', 'fur_coffee_table']","['refined', 'coffee table']","['quality', 'furniture']",{'qua_refined|fur_coffee_table': 0.2214},2,quality+furniture
109,6f22e216a989,dining table retreat,"['fur_dining_table', 'beh_retreat']","['dining table', 'retreat']","['furniture', 'behavioral']",{'fur_dining_table|beh_retreat': 0.1552},2,furniture+behavioral
110,0814072dedab,monumental pale yellow,"['qua_monumental', 'col_pale_yellow']","['monumental', 'pale yellow']","['quality', 'color']",{'qua_monumental|col_pale_yellow': 0.1409},2,quality+color
111,87886323965a,light bookshelf,"['qua_light', 'fur_bookshelf']","['light', 'bookshelf']","['quality', 'furniture']",{'qua_light|fur_bookshelf': 0.2717},2,quality+furniture
112,b8801e024eca,light grazing light,"['qua_light', 'lit_grazing']","['light', 'grazing light']","['quality', 'lighting']",{'qua_light|lit_grazing': 0.5116},2,quality+lighting
113,647b5a6844e5,radiator brick,"['fix_radiator', 'mat_brick']","['radiator', 'brick']","['fixture', 'material']",{'fix_radiator|mat_brick': 0.2101},2,fixture+material
114,21e9d2bb283c,radial formal,"['rel_radial', 'qua_formal']","['radial', 'formal']","['relation', 'quality']",{'rel_radial|qua_formal': 0.2035},2,relation+quality
115,c5fe00bbb332,emerald curtain,"['col_emerald', 'dec_curtain']","['emerald', 'curtain']","['color', 'decoration']",{'col_emerald|dec_curtain': 0.2245},2,color+decoration
116,3d607224f7d6,vermilion refined,"['col_vermilion', 'qua_refined']","['vermilion', 'refined']","['color', 'quality']",{'col_vermilion|qua_refined': 0.2182},2,color+quality
117,b29eee67ef6d,interlocked expansive,"['rel_interlocked', 'spa_expansive']","['interlocked', 'expansive']","['relation', 'spatial']",{'rel_interlocked|spa_expansive': 0.2242},2,relation+spatial
118,82e977f1cbd2,gathering beam,"['beh_gathering', 'arc_beam']","['gathering', 'beam']","['behavioral', 'architecture']",{'beh_gathering|arc_beam': 0.2418},2,behavioral+architecture
119,f3d9d4f6474c,charcoal refined,"['col_charcoal', 'qua_refined']","['charcoal', 'refined']","['color', 'quality']",{'col_charcoal|qua_refined': 0.3985},2,color+quality
120,3dcf5d4a7173,transept airy,"['arc_transept', 'spa_airy']","['transept', 'airy']","['architecture', 'spatial']",{'arc_transept|spa_airy': 0.1456},2,architecture+spatial
121,53def0c65803,whiteboard niche,"['tec_whiteboard', 'arc_niche']","['whiteboard', 'niche']","['technology', 'architecture']",{'tec_whiteboard|arc_niche': 0.1496},2,technology+architecture
122,c6bb1b711f7c,indirect dim,"['lit_indirect', 'qua_dim']","['indirect', 'dim']","['lighting', 'quality']",{'lit_indirect|qua_dim': 0.2847},2,lighting+quality
123,e46bd070223b,emerald soffit,"['col_emerald', 'arc_soffit']","['emerald', 'soffit']","['color', 'architecture']",{'col_emerald|arc_soffit': 0.1787},2,color+architecture
124,5a1e871d6109,soft cabinet,"['qua_soft', 'fur_cabinet']","['soft', 'cabinet']","['quality', 'furniture']",{'qua_soft|fur_cabinet': 0.0989},2,quality+furniture
125,189185c29371,plinth aged,"['arc_plinth', 'qua_aged']","['plinth', 'aged']","['architecture', 'quality']",{'arc_plinth|qua_aged': 0.19},2,architecture+quality
126,0bf54bfaae2b,cobalt blue balustrade,"['col_cobalt', 'arc_balustrade']","['cobalt blue', 'balustrade']","['color', 'architecture']",{'col_cobalt|arc_balustrade': 0.1992},2,color+architecture
127,a2b53b4c9219,soffit plaster,"['arc_soffit', 'mat_plaster']","['soffit', 'plaster']","['architecture', 'material']",{'arc_soffit|mat_plaster': 0.3437},2,architecture+material
128,dd2a859ecf66,direct parapet,"['lit_direct', 'arc_parapet']","['direct', 'parapet']","['lighting', 'architecture']",{'lit_direct|arc_parapet': 0.1293},2,lighting+architecture
129,fec66f82cb6b,atrium vermilion,"['arc_atrium', 'col_vermilion']","['atrium', 'vermilion']","['architecture', 'color']",{'arc_atrium|col_vermilion': 0.2888},2,architecture+color
130,d83f216291ed,hempcrete bench,"['mat_hempcrete', 'fur_bench']","['hempcrete', 'bench']","['material', 'furniture']",{'mat_hempcrete|fur_bench': 0.1336},2,material+furniture
131,dbdb0bb9e6ad,eggshell stone,"['col_eggshell', 'mat_stone']","['eggshell', 'stone']","['color', 'material']",{'col_eggshell|mat_stone': 0.3655},2,color+material
132,b563519a4f23,sculpture cobalt blue,"['dec_sculpture', 'col_cobalt']","['sculpture', 'cobalt blue']","['decoration', 'color']",{'dec_sculpture|col_cobalt': 0.2025},2,decoration+color
133,3bdf8648423b,utilitarian balcony,"['qua_utilitarian', 'arc_balcony']","['utilitarian', 'balcony']","['quality', 'architecture']",{'qua_utilitarian|arc_balcony': 0.2181},2,quality+architecture
134,3de23814b62b,terracotta wall,"['col_terracotta', 'arc_wall']","['terracotta', 'wall']","['color', 'architecture']",{'col_terracotta|arc_wall': 0.3511},2,color+architecture
135,0a75b8f70304,sage desk,"['col_sage', 'fur_desk']","['sage', 'desk']","['color', 'furniture']",{'col_sage|fur_desk': 0.1588},2,color+furniture
136,ce7119d9d23c,airy circulating,"['spa_airy', 'beh_circulating']","['airy', 'circulating']","['spatial', 'behavioral']",{'spa_airy|beh_circulating': 0.2598},2,spatial+behavioral
137,306c5ce371a9,stone mirror,"['mat_stone', 'dec_mirror']","['stone', 'mirror']","['material', 'decoration']",{'mat_stone|dec_mirror': 0.2277},2,material+decoration
138,5c492afb2358,zenithal light utilitarian,"['lit_zenithal', 'qua_utilitarian']","['zenithal light', 'utilitarian']","['lighting', 'quality']",{'lit_zenithal|qua_utilitarian': 0.1778},2,lighting+quality
139,2b4ebc10baa4,raking enclosed,"['lit_raking', 'spa_enclosed']","['raking', 'enclosed']","['lighting', 'spatial']",{'lit_raking|spa_enclosed': 0.1484},2,lighting+spatial
140,674b2fd65679,refined soffit,"['qua_refined', 'arc_soffit']","['refined', 'soffit']","['quality', 'architecture']",{'qua_refined|arc_soffit': 0.1655},2,quality+architecture
141,ccf42a1512b1,brick armchair,"['mat_brick', 'fur_armchair']","['brick', 'armchair']","['material', 'furniture']",{'mat_brick|fur_armchair': 0.2748},2,material+furniture
142,5a15ce814989,alcove enclosed,"['arc_alcove', 'spa_enclosed']","['alcove', 'enclosed']","['architecture', 'spatial']",{'arc_alcove|spa_enclosed': 0.4322},2,architecture+spatial
143,ab38c5f04bcb,direct beam,"['lit_direct', 'arc_beam']","['direct', 'beam']","['lighting', 'architecture']",{'lit_direct|arc_beam': 0.3051},2,lighting+architecture
144,34dcac3ca473,travertine beam,"['mat_travertine', 'arc_beam']","['travertine', 'beam']","['material', 'architecture']",{'mat_travertine|arc_beam': 0.1442},2,material+architecture
145,7f866afbca98,tall bookshelf,"['spa_tall', 'fur_bookshelf']","['tall', 'bookshelf']","['spatial', 'furniture']",{'spa_tall|fur_bookshelf': 0.2146},2,spatial+furniture
146,bd41384b4251,ashlar stone oxblood,"['mat_ashlar_stone', 'col_oxblood']","['ashlar stone', 'oxblood']","['material', 'color']",{'mat_ashlar_stone|col_oxblood': 0.2949},2,material+color
147,3a23a627324f,alcove vernacular,"['arc_alcove', 'qua_vernacular']","['alcove', 'vernacular']","['architecture', 'quality']",{'arc_alcove|qua_vernacular': 0.2028},2,architecture+quality
148,2989b016d9b4,portal cavernous,"['arc_portal', 'spa_cavernous']","['portal', 'cavernous']","['architecture', 'spatial']",{'arc_portal|spa_cavernous': 0.3575},2,architecture+spatial
149,9b259df6297e,vault tall,"['arc_vault', 'spa_tall']","['vault', 'tall']","['architecture', 'spatial']",{'arc_vault|spa_tall': 0.2563},2,architecture+spatial
150,d43f973d6cdd,interlocked canopy hard,"['rel_interlocked', 'arc_canopy', 'qua_hard']","['interlocked', 'canopy', 'hard']","['relation', 'architecture', 'quality']","{'rel_interlocked|arc_canopy': 0.1969, 'rel_interlocked|qua_hard': 0.1934, 'arc_canopy|qua_hard': 0.1133}",3,relation+architecture+quality
151,0941bbb34292,sculptural terracotta sage,"['qua_sculptural', 'col_terracotta', 'col_sage']","['sculptural', 'terracotta', 'sage']","['quality', 'color', 'color']","{'qua_sculptural|col_terracotta': 0.4936, 'qua_sculptural|col_sage': 0.2172, 'col_terracotta|col_sage': 0.2233}",3,quality+color+color
152,f963994ed9cc,skylight peripheral raw,"['arc_skylight', 'spa_peripheral', 'qua_raw']","['skylight', 'peripheral', 'raw']","['architecture', 'spatial', 'quality']","{'arc_skylight|spa_peripheral': 0.2243, 'arc_skylight|qua_raw': 0.173, 'spa_peripheral|qua_raw': 0.2359}",3,architecture+spatial+quality
153,bcc9600d576f,tall noisy sofa,"['spa_tall', 'beh_noisy', 'fur_sofa']","['tall', 'noisy', 'sofa']","['spatial', 'behavioral', 'furniture']","{'spa_tall|beh_noisy': 0.2111, 'spa_tall|fur_sofa': 0.2756, 'beh_noisy|fur_sofa': 0.2395}",3,spatial+behavioral+furniture
154,e8729598af68,wood sofa refined,"['mat_wood', 'fur_sofa', 'qua_refined']","['wood', 'sofa', 'refined']","['material', 'furniture', 'quality']","{'mat_wood|fur_sofa': 0.413, 'mat_wood|qua_refined': 0.2741, 'fur_sofa|qua_refined': 0.2408}",3,material+furniture+quality
155,218d02d39ccb,computer plinth balcony,"['tec_computer', 'arc_plinth', 'arc_balcony']","['computer', 'plinth', 'balcony']","['technology', 'architecture', 'architecture']","{'tec_computer|arc_plinth': 0.1977, 'tec_computer|arc_balcony': 0.2461, 'arc_plinth|arc_balcony': 0.2264}",3,technology+architecture+architecture
156,4415dae126a5,gathering colonnade atrium,"['beh_gathering', 'arc_colonnade', 'arc_atrium']","['gathering', 'colonnade', 'atrium']","['behavioral', 'architecture', 'architecture']","{'beh_gathering|arc_colonnade': 0.1168, 'beh_gathering|arc_atrium': 0.2589, 'arc_colonnade|arc_atrium': 0.2484}",3,behavioral+architecture+architecture
157,66fd11c85ba4,filtered light recycled plastic floor,"['lit_filter', 'mat_recycled_plastic', 'arc_floor']","['filtered light', 'recycled plastic', 'floor']","['lighting', 'material', 'architecture']","{'lit_filter|mat_recycled_plastic': 0.2025, 'lit_filter|arc_floor': 0.081, 'mat_recycled_plastic|arc_floor': 0.2003}",3,lighting+material+architecture
158,337ef2f999af,clustered utilitarian translucent,"['rel_clustered', 'qua_utilitarian', 'qua_translucent']","['clustered', 'utilitarian', 'translucent']","['relation', 'quality', 'quality']","{'rel_clustered|qua_utilitarian': 0.1063, 'rel_clustered|qua_translucent': 0.1351, 'qua_utilitarian|qua_translucent': 0.1506}",3,relation+quality+quality
159,7efb3b2bdf66,dome zenithal chaotic,"['arc_dome', 'lit_zenithal', 'qua_chaotic']","['dome', 'zenithal', 'chaotic']","['architecture', 'lighting', 'quality']","{'arc_dome|lit_zenithal': 0.3421, 'arc_dome|qua_chaotic': 0.1328, 'lit_zenithal|qua_chaotic': 0.155}",3,architecture+lighting+quality
160,bf804fdd4712,dining table bone white felt,"['fur_dining_table', 'col_bone_white', 'mat_felt']","['dining table', 'bone white', 'felt']","['furniture', 'color', 'material']","{'fur_dining_table|col_bone_white': 0.1432, 'fur_dining_table|mat_felt': 0.0584, 'col_bone_white|mat_felt': 0.1555}",3,furniture+color+material
161,7be994936017,monumental bed standing lamp,"['qua_monumental', 'fur_bed', 'fix_standing_lamp']","['monumental', 'bed', 'standing lamp']","['quality', 'furniture', 'fixture']","{'qua_monumental|fur_bed': 0.1608, 'qua_monumental|fix_standing_lamp': 0.1504, 'fur_bed|fix_standing_lamp': 0.2206}",3,quality+furniture+fixture
162,b3f427c23aa7,bright double-height open,"['qua_bright', 'spa_double_height', 'spa_open']","['bright', 'double-height', 'open']","['quality', 'spatial', 'spatial']","{'qua_bright|spa_double_height': 0.1871, 'qua_bright|spa_open': 0.246, 'spa_double_height|spa_open': 0.0898}",3,quality+spatial+spatial
163,61ad1562345c,subterranean arcade prospect-view,"['spa_subterranean', 'arc_arcade', 'beh_prospect']","['subterranean', 'arcade', 'prospect-view']","['spatial', 'architecture', 'behavioral']","{'spa_subterranean|arc_arcade': 0.3356, 'spa_subterranean|beh_prospect': 0.1877, 'arc_arcade|beh_prospect': 0.1838}",3,spatial+architecture+behavioral
164,fbca46f7332e,chaotic floor interstitial,"['qua_chaotic', 'arc_floor', 'spa_interstitial']","['chaotic', 'floor', 'interstitial']","['quality', 'architecture', 'spatial']","{'qua_chaotic|arc_floor': 0.1896, 'qua_chaotic|spa_interstitial': 0.2073, 'arc_floor|spa_interstitial': 0.238}",3,quality+architecture+spatial
165,18538527ed3d,marble bone white niche,"['mat_marble', 'col_bone_white', 'arc_niche']","['marble', 'bone white', 'niche']","['material', 'color', 'architecture']","{'mat_marble|col_bone_white': 0.3089, 'mat_marble|arc_niche': 0.2201, 'col_bone_white|arc_niche': 0.2148}",3,material+color+architecture
166,1448873844dd,terracotta dome clerestory,"['col_terracotta_pigment', 'arc_dome', 'arc_clerestory']","['terracotta', 'dome', 'clerestory']","['color', 'architecture', 'architecture']","{'col_terracotta_pigment|arc_dome': 0.3219, 'col_terracotta_pigment|arc_clerestory': 0.3338, 'arc_dome|arc_clerestory': 0.2183}",3,color+architecture+architecture
167,66e1c5282ec0,armchair circulating zinc,"['fur_armchair', 'beh_circulating', 'mat_zinc']","['armchair', 'circulating', 'zinc']","['furniture', 'behavioral', 'material']","{'fur_armchair|beh_circulating': 0.2018, 'fur_armchair|mat_zinc': 0.1895, 'beh_circulating|mat_zinc': 0.2349}",3,furniture+behavioral+material
168,35ba8b9eadfc,plaster warm refined,"['mat_plaster', 'qua_warm', 'qua_refined']","['plaster', 'warm', 'refined']","['material', 'quality', 'quality']","{'mat_plaster|qua_warm': 0.1485, 'mat_plaster|qua_refined': 0.2199, 'qua_warm|qua_refined': 0.2247}",3,material+quality+quality
169,e34951882c3f,rug vivid ashlar stone,"['dec_rug', 'qua_vivid', 'mat_ashlar_stone']","['rug', 'vivid', 'ashlar stone']","['decoration', 'quality', 'material']","{'dec_rug|qua_vivid': 0.2033, 'dec_rug|mat_ashlar_stone': 0.2308, 'qua_vivid|mat_ashlar_stone': 0.1485}",3,decoration+quality+material
170,92b4d753ce2a,pristine copper pavilion,"['qua_pristine', 'mat_copper', 'arc_pavilion']","['pristine', 'copper', 'pavilion']","['quality', 'material', 'architecture']","{'qua_pristine|mat_copper': 0.2973, 'qua_pristine|arc_pavilion': 0.1906, 'mat_copper|arc_pavilion': 0.1573}",3,quality+material+architecture
171,a34444fcef64,felt column shadowed,"['mat_felt', 'arc_column', 'qua_shadowed']","['felt', 'column', 'shadowed']","['material', 'architecture', 'quality']","{'mat_felt|arc_column': 0.1652, 'mat_felt|qua_shadowed': 0.309, 'arc_column|qua_shadowed': 0.2487}",3,material+architecture+quality
172,c8f38a5fb1a0,arcade eggshell wood,"['arc_arcade', 'col_eggshell', 'mat_wood']","['arcade', 'eggshell', 'wood']","['architecture', 'color', 'material']","{'arc_arcade|col_eggshell': 0.222, 'arc_arcade|mat_wood': 0.3248, 'col_eggshell|mat_wood': 0.3266}",3,architecture+color+material
173,697d10d8db0e,double-height skylight arcade,"['spa_double_height', 'arc_skylight', 'arc_arcade']","['double-height', 'skylight', 'arcade']","['spatial', 'architecture', 'architecture']","{'spa_double_height|arc_skylight': 0.1726, 'spa_double_height|arc_arcade': 0.1379, 'arc_skylight|arc_arcade': 0.374}",3,spatial+architecture+architecture
174,2b481cff3375,wardrobe circulating porous,"['fur_wardrobe', 'beh_circulating', 'qua_porous']","['wardrobe', 'circulating', 'porous']","['furniture', 'behavioral', 'quality']","{'fur_wardrobe|beh_circulating': 0.205, 'fur_wardrobe|qua_porous': 0.2051, 'beh_circulating|qua_porous': 0.2646}",3,furniture+behavioral+quality
175,89741a1a0b32,warm warm white dome,"['qua_warm', 'col_warm_white', 'arc_dome']","['warm', 'warm white', 'dome']","['quality', 'color', 'architecture']","{'qua_warm|col_warm_white': 0.6515, 'qua_warm|arc_dome': 0.2038, 'col_warm_white|arc_dome': 0.2329}",3,quality+color+architecture
176,a9787f7494ef,vernacular scintillating atrium,"['qua_vernacular', 'lit_scintillating', 'arc_atrium']","['vernacular', 'scintillating', 'atrium']","['quality', 'lighting', 'architecture']","{'qua_vernacular|lit_scintillating': 0.1174, 'qua_vernacular|arc_atrium': 0.1939, 'lit_scintillating|arc_atrium': 0.1705}",3,quality+lighting+architecture
177,684f5c5ddf58,balcony double-height enclosed,"['arc_balcony', 'spa_double_height', 'spa_enclosed']","['balcony', 'double-height', 'enclosed']","['architecture', 'spatial', 'spatial']","{'arc_balcony|spa_double_height': 0.2941, 'arc_balcony|spa_enclosed': 0.4257, 'spa_double_height|spa_enclosed': 0.2123}",3,architecture+spatial+spatial
178,098b98c818ee,workbench rough steel,"['fur_workbench', 'qua_rough', 'mat_steel']","['workbench', 'rough', 'steel']","['furniture', 'quality', 'material']","{'fur_workbench|qua_rough': 0.0571, 'fur_workbench|mat_steel': 0.1943, 'qua_rough|mat_steel': 0.2078}",3,furniture+quality+material
179,608b44140536,beige loggia ephemeral,"['col_beige', 'arc_loggia', 'qua_ephemeral']","['beige', 'loggia', 'ephemeral']","['color', 'architecture', 'quality']","{'col_beige|arc_loggia': 0.106, 'col_beige|qua_ephemeral': 0.1975, 'arc_loggia|qua_ephemeral': 0.0744}",3,color+architecture+quality
180,c885eb3b1d3d,cobalt blue stair painting,"['col_cobalt', 'arc_stair', 'dec_painting']","['cobalt blue', 'stair', 'painting']","['color', 'architecture', 'decoration']","{'col_cobalt|arc_stair': 0.1268, 'col_cobalt|dec_painting': 0.2553, 'arc_stair|dec_painting': 0.186}",3,color+architecture+decoration
181,c9ff3ae82773,cantilevered portico balcony,"['rel_cantilevered', 'arc_portico', 'arc_balcony']","['cantilevered', 'portico', 'balcony']","['relation', 'architecture', 'architecture']","{'rel_cantilevered|arc_portico': 0.3332, 'rel_cantilevered|arc_balcony': 0.3531, 'arc_portico|arc_balcony': 0.4262}",3,relation+architecture+architecture
182,913f538a1bf0,cavernous quiet nave,"['spa_cavernous', 'beh_quiet', 'arc_nave']","['cavernous', 'quiet', 'nave']","['spatial', 'behavioral', 'architecture']","{'spa_cavernous|beh_quiet': 0.2803, 'spa_cavernous|arc_nave': 0.2478, 'beh_quiet|arc_nave': 0.182}",3,spatial+behavioral+architecture
183,7f7c964d58e7,outward-facing sequenced monumental,"['rel_outward', 'spa_sequenced', 'qua_monumental']","['outward-facing', 'sequenced', 'monumental']","['relation', 'spatial', 'quality']","{'rel_outward|spa_sequenced': 0.2012, 'rel_outward|qua_monumental': 0.204, 'spa_sequenced|qua_monumental': 0.1362}",3,relation+spatial+quality
184,3e51f98c5bed,screen transept arcade,"['tec_screen', 'arc_transept', 'arc_arcade']","['screen', 'transept', 'arcade']","['technology', 'architecture', 'architecture']","{'tec_screen|arc_transept': 0.2272, 'tec_screen|arc_arcade': 0.2126, 'arc_transept|arc_arcade': 0.2684}",3,technology+architecture+architecture
185,1f9604ed7bd5,balustrade limewash raw,"['arc_balustrade', 'mat_limewash', 'qua_raw']","['balustrade', 'limewash', 'raw']","['architecture', 'material', 'quality']","{'arc_balustrade|mat_limewash': 0.2272, 'arc_balustrade|qua_raw': 0.1306, 'mat_limewash|qua_raw': 0.24}",3,architecture+material+quality
186,05721e33b0c7,shower dappled oxblood,"['fix_shower', 'lit_dappled', 'col_oxblood']","['shower', 'dappled', 'oxblood']","['fixture', 'lighting', 'color']","{'fix_shower|lit_dappled': 0.1723, 'fix_shower|col_oxblood': 0.1823, 'lit_dappled|col_oxblood': 0.3317}",3,fixture+lighting+color
187,d9b0361c2314,pistachio rhythmic canopy,"['col_pistachio', 'qua_rhythmic', 'arc_canopy']","['pistachio', 'rhythmic', 'canopy']","['color', 'quality', 'architecture']","{'col_pistachio|qua_rhythmic': 0.1075, 'col_pistachio|arc_canopy': 0.2093, 'qua_rhythmic|arc_canopy': 0.1417}",3,color+quality+architecture
188,eb4d78656dd4,balustrade sage frosted glass,"['arc_balustrade', 'col_sage', 'mat_frosted_glass']","['balustrade', 'sage', 'frosted glass']","['architecture', 'color', 'material']","{'arc_balustrade|col_sage': 0.238, 'arc_balustrade|mat_frosted_glass': 0.3166, 'col_sage|mat_frosted_glass': 0.2034}",3,architecture+color+material
189,4ff7c8c50e7e,lingering beam transept,"['beh_lingering', 'arc_beam', 'arc_transept']","['lingering', 'beam', 'transept']","['behavioral', 'architecture', 'architecture']","{'beh_lingering|arc_beam': 0.22, 'beh_lingering|arc_transept': 0.135, 'arc_beam|arc_transept': 0.2869}",3,behavioral+architecture+architecture
190,a836704ba63d,recycled plastic muted green soffit,"['mat_recycled_plastic', 'col_muted_green', 'arc_soffit']","['recycled plastic', 'muted green', 'soffit']","['material', 'color', 'architecture']","{'mat_recycled_plastic|col_muted_green': 0.2486, 'mat_recycled_plastic|arc_soffit': 0.1664, 'col_muted_green|arc_soffit': 0.1833}",3,material+color+architecture
191,d705ae19ba7c,rough cushion liminal,"['qua_rough', 'dec_cushion', 'spa_liminal']","['rough', 'cushion', 'liminal']","['quality', 'decoration', 'spatial']","{'qua_rough|dec_cushion': 0.1882, 'qua_rough|spa_liminal': 0.1734, 'dec_cushion|spa_liminal': 0.1934}",3,quality+decoration+spatial
192,89d2d48ad3bd,bone white ottoman door,"['col_bone_white', 'fur_ottoman', 'arc_door']","['bone white', 'ottoman', 'door']","['color', 'furniture', 'architecture']","{'col_bone_white|fur_ottoman': 0.1412, 'col_bone_white|arc_door': 0.2632, 'fur_ottoman|arc_door': 0.2845}",3,color+furniture+architecture
193,53998d9f3bde,built-in shelf burnt sienna black,"['fix_built_in_shelf', 'col_burnt_sienna', 'col_black']","['built-in shelf', 'burnt sienna', 'black']","['fixture', 'color', 'color']","{'fix_built_in_shelf|col_burnt_sienna': 0.0163, 'fix_built_in_shelf|col_black': 0.0552, 'col_burnt_sienna|col_black': 0.4346}",3,fixture+color+color
194,76e8b57f5610,vault sculptural eggshell,"['arc_vault', 'qua_sculptural', 'col_eggshell']","['vault', 'sculptural', 'eggshell']","['architecture', 'quality', 'color']","{'arc_vault|qua_sculptural': 0.2107, 'arc_vault|col_eggshell': 0.2463, 'qua_sculptural|col_eggshell': 0.2981}",3,architecture+quality+color
195,ae0b1fa93e1b,passive desk central,"['beh_passive', 'fur_desk', 'spa_central']","['passive', 'desk', 'central']","['behavioral', 'furniture', 'spatial']","{'beh_passive|fur_desk': 0.1319, 'beh_passive|spa_central': 0.1914, 'fur_desk|spa_central': 0.2686}",3,behavioral+furniture+spatial
196,6f72d2d7899c,polycarbonate ochre terracotta,"['mat_polycarbonate', 'col_ochre', 'col_terracotta_pigment']","['polycarbonate', 'ochre', 'terracotta']","['material', 'color', 'color']","{'mat_polycarbonate|col_ochre': 0.2668, 'mat_polycarbonate|col_terracotta_pigment': 0.5081, 'col_ochre|col_terracotta_pigment': 0.3553}",3,material+color+color
197,512cd3cd4b9a,stool hempcrete terracotta,"['fur_stool', 'mat_hempcrete', 'col_terracotta']","['stool', 'hempcrete', 'terracotta']","['furniture', 'material', 'color']","{'fur_stool|mat_hempcrete': 0.2751, 'fur_stool|col_terracotta': 0.3059, 'mat_hempcrete|col_terracotta': 0.2694}",3,furniture+material+color
198,fdbaf423a507,narrow pavilion colonnade,"['spa_narrow', 'arc_pavilion', 'arc_colonnade']","['narrow', 'pavilion', 'colonnade']","['spatial', 'architecture', 'architecture']","{'spa_narrow|arc_pavilion': 0.1913, 'spa_narrow|arc_colonnade': 0.1426, 'arc_pavilion|arc_colonnade': 0.1988}",3,spatial+architecture+architecture
199,fb049d44fd82,armchair enclosed burnt sienna,"['fur_armchair', 'spa_enclosed', 'col_burnt_sienna']","['armchair', 'enclosed', 'burnt sienna']","['furniture', 'spatial', 'color']","{'fur_armchair|spa_enclosed': 0.3212, 'fur_armchair|col_burnt_sienna': 0.2566, 'spa_enclosed|col_burnt_sienna': 0.3184}",3,furniture+spatial+color
200,2846455218c8,labyrinthine soffit retreat,"['spa_labyrinthine', 'arc_soffit', 'beh_retreat']","['labyrinthine', 'soffit', 'retreat']","['spatial', 'architecture', 'behavioral']","{'spa_labyrinthine|arc_soffit': 0.2087, 'spa_labyrinthine|beh_retreat': 0.2357, 'arc_soffit|beh_retreat': 0.2004}",3,spatial+architecture+behavioral
201,4a046b33ec19,monolithic dome canopy,"['qua_monolithic', 'arc_dome', 'arc_canopy']","['monolithic', 'dome', 'canopy']","['quality', 'architecture', 'architecture']","{'qua_monolithic|arc_dome': 0.218, 'qua_monolithic|arc_canopy': 0.1835, 'arc_dome|arc_canopy': 0.4034}",3,quality+architecture+architecture
202,de27030ea63b,radiator muted green zenithal,"['fix_radiator', 'col_muted_green', 'lit_zenithal']","['radiator', 'muted green', 'zenithal']","['fixture', 'color', 'lighting']","{'fix_radiator|col_muted_green': 0.1838, 'fix_radiator|lit_zenithal': 0.2803, 'col_muted_green|lit_zenithal': 0.2289}",3,fixture+color+lighting
203,e27a03afcc8b,wall direct grazing light,"['arc_wall', 'lit_direct', 'lit_grazing']","['wall', 'direct', 'grazing light']","['architecture', 'lighting', 'lighting']","{'arc_wall|lit_direct': 0.2173, 'arc_wall|lit_grazing': 0.0752, 'lit_direct|lit_grazing': 0.2155}",3,architecture+lighting+lighting
204,4509d18ef292,suspended interstitial double-height,"['rel_suspended', 'spa_interstitial', 'spa_double_height']","['suspended', 'interstitial', 'double-height']","['relation', 'spatial', 'spatial']","{'rel_suspended|spa_interstitial': 0.3392, 'rel_suspended|spa_double_height': 0.1824, 'spa_interstitial|spa_double_height': 0.2349}",3,relation+spatial+spatial
205,7e1764f62b70,nested vault formal,"['rel_nested', 'arc_vault', 'qua_formal']","['nested', 'vault', 'formal']","['relation', 'architecture', 'quality']","{'rel_nested|arc_vault': 0.193, 'rel_nested|qua_formal': 0.1586, 'arc_vault|qua_formal': 0.1527}",3,relation+architecture+quality
206,1c38211c7cf6,asymmetrical loggia narrow,"['rel_asymmetrical', 'arc_loggia', 'spa_narrow']","['asymmetrical', 'loggia', 'narrow']","['relation', 'architecture', 'spatial']","{'rel_asymmetrical|arc_loggia': 0.1643, 'rel_asymmetrical|spa_narrow': 0.2187, 'arc_loggia|spa_narrow': 0.188}",3,relation+architecture+spatial
207,0e4db44d8cba,symmetrical balustrade subterranean,"['rel_symmetrical', 'arc_balustrade', 'spa_subterranean']","['symmetrical', 'balustrade', 'subterranean']","['relation', 'architecture', 'spatial']","{'rel_symmetrical|arc_balustrade': 0.1263, 'rel_symmetrical|spa_subterranean': 0.156, 'arc_balustrade|spa_subterranean': 0.2997}",3,relation+architecture+spatial
208,df9ba7a2e33d,marble terracotta soft,"['mat_marble', 'col_terracotta', 'qua_soft']","['marble', 'terracotta', 'soft']","['material', 'color', 'quality']","{'mat_marble|col_terracotta': 0.5516, 'mat_marble|qua_soft': 0.3055, 'col_terracotta|qua_soft': 0.2337}",3,material+color+quality
209,56baa62b88eb,bamboo rug bed,"['mat_bamboo', 'dec_rug', 'fur_bed']","['bamboo', 'rug', 'bed']","['material', 'decoration', 'furniture']","{'mat_bamboo|dec_rug': 0.458, 'mat_bamboo|fur_bed': 0.2752, 'dec_rug|fur_bed': 0.3435}",3,material+decoration+furniture
210,84157c63a94d,chaise longue tadelakt lofty,"['fur_chaise', 'mat_tadelakt', 'spa_lofty']","['chaise longue', 'tadelakt', 'lofty']","['furniture', 'material', 'spatial']","{'fur_chaise|mat_tadelakt': 0.1143, 'fur_chaise|spa_lofty': 0.1855, 'mat_tadelakt|spa_lofty': 0.2362}",3,furniture+material+spatial
211,db688c097ec4,terracotta smooth loggia,"['col_terracotta', 'qua_smooth', 'arc_loggia']","['terracotta', 'smooth', 'loggia']","['color', 'quality', 'architecture']","{'col_terracotta|qua_smooth': 0.1715, 'col_terracotta|arc_loggia': 0.2592, 'qua_smooth|arc_loggia': 0.1131}",3,color+quality+architecture
212,f741474547a9,inward-facing chaotic hard,"['rel_inward', 'qua_chaotic', 'qua_hard']","['inward-facing', 'chaotic', 'hard']","['relation', 'quality', 'quality']","{'rel_inward|qua_chaotic': 0.152, 'rel_inward|qua_hard': 0.094, 'qua_chaotic|qua_hard': 0.1898}",3,relation+quality+quality
213,ee9d79fb70fa,loggia wood petrol blue,"['arc_loggia', 'mat_wood', 'col_petrol_blue']","['loggia', 'wood', 'petrol blue']","['architecture', 'material', 'color']","{'arc_loggia|mat_wood': 0.3023, 'arc_loggia|col_petrol_blue': 0.1605, 'mat_wood|col_petrol_blue': 0.2557}",3,architecture+material+color
214,f2c5b87caf79,cool ambient luminescence indigo,"['qua_cool', 'lit_ambient', 'col_indigo']","['cool', 'ambient luminescence', 'indigo']","['quality', 'lighting', 'color']","{'qua_cool|lit_ambient': 0.0611, 'qua_cool|col_indigo': 0.2163, 'lit_ambient|col_indigo': 0.3623}",3,quality+lighting+color
215,b4b405d0164d,plywood flowers cushion,"['mat_plywood', 'dec_flowers', 'dec_cushion']","['plywood', 'flowers', 'cushion']","['material', 'decoration', 'decoration']","{'mat_plywood|dec_flowers': 0.2738, 'mat_plywood|dec_cushion': 0.3427, 'dec_flowers|dec_cushion': 0.3368}",3,material+decoration+decoration
216,336cd2f7d7ac,sculpture cold oxidized steel,"['dec_sculpture', 'qua_cold', 'mat_oxidized_steel']","['sculpture', 'cold', 'oxidized steel']","['decoration', 'quality', 'material']","{'dec_sculpture|qua_cold': 0.1667, 'dec_sculpture|mat_oxidized_steel': 0.2399, 'qua_cold|mat_oxidized_steel': 0.137}",3,decoration+quality+material
217,836c9a486eaf,nave cantilevered inward-facing,"['arc_nave', 'rel_cantilevered', 'rel_inward']","['nave', 'cantilevered', 'inward-facing']","['architecture', 'relation', 'relation']","{'arc_nave|rel_cantilevered': 0.1167, 'arc_nave|rel_inward': 0.1832, 'rel_cantilevered|rel_inward': 0.3275}",3,architecture+relation+relation
218,2c16309f26bd,plaster terracotta dim,"['mat_plaster', 'col_terracotta', 'qua_dim']","['plaster', 'terracotta', 'dim']","['material', 'color', 'quality']","{'mat_plaster|col_terracotta': 0.4889, 'mat_plaster|qua_dim': 0.1787, 'col_terracotta|qua_dim': 0.2034}",3,material+color+quality
219,4aa7b3f4c7db,copper corridor monumental,"['mat_copper', 'arc_corridor', 'qua_monumental']","['copper', 'corridor', 'monumental']","['material', 'architecture', 'quality']","{'mat_copper|arc_corridor': 0.1779, 'mat_copper|qua_monumental': 0.1255, 'arc_corridor|qua_monumental': 0.2575}",3,material+architecture+quality
220,725e92277656,screen peripheral bay window,"['tec_screen', 'spa_peripheral', 'arc_bay_window']","['screen', 'peripheral', 'bay window']","['technology', 'spatial', 'architecture']","{'tec_screen|spa_peripheral': 0.3051, 'tec_screen|arc_bay_window': 0.3193, 'spa_peripheral|arc_bay_window': 0.1688}",3,technology+spatial+architecture
221,5d1f2a3c92a3,painting ceramic velvet,"['dec_painting', 'mat_ceramic', 'mat_velvet']","['painting', 'ceramic', 'velvet']","['decoration', 'material', 'material']","{'dec_painting|mat_ceramic': 0.2923, 'dec_painting|mat_velvet': 0.3238, 'mat_ceramic|mat_velvet': 0.2947}",3,decoration+material+material
222,1906432f9327,light eggshell zenithal light,"['qua_light', 'col_eggshell', 'lit_zenithal']","['light', 'eggshell', 'zenithal light']","['quality', 'color', 'lighting']","{'qua_light|col_eggshell': 0.1727, 'qua_light|lit_zenithal': 0.5246, 'col_eggshell|lit_zenithal': 0.0929}",3,quality+color+lighting
223,5d76f26efa8e,smooth stone burnt sienna,"['qua_smooth', 'mat_stone', 'col_burnt_sienna']","['smooth', 'stone', 'burnt sienna']","['quality', 'material', 'color']","{'qua_smooth|mat_stone': 0.2515, 'qua_smooth|col_burnt_sienna': 0.3052, 'mat_stone|col_burnt_sienna': 0.1713}",3,quality+material+color
224,2135282bcd69,built-in shelf zenithal pistachio,"['fix_built_in_shelf', 'lit_zenithal', 'col_pistachio']","['built-in shelf', 'zenithal', 'pistachio']","['fixture', 'lighting', 'color']","{'fix_built_in_shelf|lit_zenithal': 0.0977, 'fix_built_in_shelf|col_pistachio': 0.111, 'lit_zenithal|col_pistachio': 0.0878}",3,fixture+lighting+color
225,3658924f4107,indigo dining table shadowed,"['col_indigo', 'fur_dining_table', 'qua_shadowed']","['indigo', 'dining table', 'shadowed']","['color', 'furniture', 'quality']","{'col_indigo|fur_dining_table': 0.1817, 'col_indigo|qua_shadowed': 0.387, 'fur_dining_table|qua_shadowed': 0.2203}",3,color+furniture+quality
226,f417f77e3119,floor felt cavernous,"['arc_floor', 'mat_felt', 'spa_cavernous']","['floor', 'felt', 'cavernous']","['architecture', 'material', 'spatial']","{'arc_floor|mat_felt': 0.1694, 'arc_floor|spa_cavernous': 0.3677, 'mat_felt|spa_cavernous': 0.1684}",3,architecture+material+spatial
227,6caf02637c9b,vernacular clerestory leather,"['qua_vernacular', 'arc_clerestory', 'mat_leather']","['vernacular', 'clerestory', 'leather']","['quality', 'architecture', 'material']","{'qua_vernacular|arc_clerestory': 0.2307, 'qua_vernacular|mat_leather': 0.1702, 'arc_clerestory|mat_leather': 0.2112}",3,quality+architecture+material
228,76c67951e008,shower kinetic shadow direct,"['fix_shower', 'lit_kinetic', 'lit_direct']","['shower', 'kinetic shadow', 'direct']","['fixture', 'lighting', 'lighting']","{'fix_shower|lit_kinetic': 0.1329, 'fix_shower|lit_direct': 0.0914, 'lit_kinetic|lit_direct': 0.1845}",3,fixture+lighting+lighting
229,65e64b606692,soft arch wardrobe,"['qua_soft', 'arc_arch', 'fur_wardrobe']","['soft', 'arch', 'wardrobe']","['quality', 'architecture', 'furniture']","{'qua_soft|arc_arch': 0.2005, 'qua_soft|fur_wardrobe': 0.1333, 'arc_arch|fur_wardrobe': 0.1859}",3,quality+architecture+furniture
230,06569775abf5,hempcrete bay window dome,"['mat_hempcrete', 'arc_bay_window', 'arc_dome']","['hempcrete', 'bay window', 'dome']","['material', 'architecture', 'architecture']","{'mat_hempcrete|arc_bay_window': 0.2041, 'mat_hempcrete|arc_dome': 0.244, 'arc_bay_window|arc_dome': 0.3997}",3,material+architecture+architecture
231,dacc40615dfa,soft zenithal bone white,"['qua_soft', 'lit_zenithal', 'col_bone_white']","['soft', 'zenithal', 'bone white']","['quality', 'lighting', 'color']","{'qua_soft|lit_zenithal': 0.1724, 'qua_soft|col_bone_white': 0.2292, 'lit_zenithal|col_bone_white': 0.249}",3,quality+lighting+color
232,e55bb7b09f0e,peripheral sofa overlapping,"['spa_peripheral', 'fur_sofa', 'rel_overlapping']","['peripheral', 'sofa', 'overlapping']","['spatial', 'furniture', 'relation']","{'spa_peripheral|fur_sofa': 0.267, 'spa_peripheral|rel_overlapping': 0.1239, 'fur_sofa|rel_overlapping': 0.1966}",3,spatial+furniture+relation
233,e3a6fcc63e10,dim pistachio compact,"['qua_dim', 'col_pistachio', 'spa_compact']","['dim', 'pistachio', 'compact']","['quality', 'color', 'spatial']","{'qua_dim|col_pistachio': 0.2401, 'qua_dim|spa_compact': 0.3394, 'col_pistachio|spa_compact': 0.1522}",3,quality+color+spatial
234,b0c24fe9060a,pristine brick pavilion,"['qua_pristine', 'mat_brick', 'arc_pavilion']","['pristine', 'brick', 'pavilion']","['quality', 'material', 'architecture']","{'qua_pristine|mat_brick': 0.2236, 'qua_pristine|arc_pavilion': 0.1906, 'mat_brick|arc_pavilion': 0.201}",3,quality+material+architecture
235,80c4710dd2c5,shadowed canopy peripheral,"['qua_shadowed', 'arc_canopy', 'spa_peripheral']","['shadowed', 'canopy', 'peripheral']","['quality', 'architecture', 'spatial']","{'qua_shadowed|arc_canopy': 0.4, 'qua_shadowed|spa_peripheral': 0.253, 'arc_canopy|spa_peripheral': 0.2411}",3,quality+architecture+spatial
236,78695caec57e,light ceramic lofty,"['qua_light', 'mat_ceramic', 'spa_lofty']","['light', 'ceramic', 'lofty']","['quality', 'material', 'spatial']","{'qua_light|mat_ceramic': 0.2333, 'qua_light|spa_lofty': 0.2373, 'mat_ceramic|spa_lofty': 0.1523}",3,quality+material+spatial
237,dec68bfd64db,polycarbonate dim monolithic,"['mat_polycarbonate', 'qua_dim', 'qua_monolithic']","['polycarbonate', 'dim', 'monolithic']","['material', 'quality', 'quality']","{'mat_polycarbonate|qua_dim': 0.1024, 'mat_polycarbonate|qua_monolithic': 0.2271, 'qua_dim|qua_monolithic': 0.2497}",3,material+quality+quality
238,eaaf84d50f77,buoyant zinc bed,"['qua_buoyant', 'mat_zinc', 'fur_bed']","['buoyant', 'zinc', 'bed']","['quality', 'material', 'furniture']","{'qua_buoyant|mat_zinc': 0.2408, 'qua_buoyant|fur_bed': 0.2644, 'mat_zinc|fur_bed': 0.2343}",3,quality+material+furniture
239,e2b5a2d6ca7e,bright corridor wall sconce,"['qua_bright', 'arc_corridor', 'fix_wall_sconce']","['bright', 'corridor', 'wall sconce']","['quality', 'architecture', 'fixture']","{'qua_bright|arc_corridor': 0.1657, 'qua_bright|fix_wall_sconce': 0.2313, 'arc_corridor|fix_wall_sconce': 0.3065}",3,quality+architecture+fixture
240,eb2bc90cda87,velvet bathtub arcade,"['mat_velvet', 'fix_bathtub', 'arc_arcade']","['velvet', 'bathtub', 'arcade']","['material', 'fixture', 'architecture']","{'mat_velvet|fix_bathtub': 0.2696, 'mat_velvet|arc_arcade': 0.2209, 'fix_bathtub|arc_arcade': 0.2835}",3,material+fixture+architecture
241,2a34e5785b20,portal copper sage,"['arc_portal', 'mat_copper', 'col_sage']","['portal', 'copper', 'sage']","['architecture', 'material', 'color']","{'arc_portal|mat_copper': 0.1919, 'arc_portal|col_sage': 0.2337, 'mat_copper|col_sage': 0.1264}",3,architecture+material+color
242,10516d55c101,continuous niche portal,"['rel_continuous', 'arc_niche', 'arc_portal']","['continuous', 'niche', 'portal']","['relation', 'architecture', 'architecture']","{'rel_continuous|arc_niche': 0.2297, 'rel_continuous|arc_portal': 0.1843, 'arc_niche|arc_portal': 0.305}",3,relation+architecture+architecture
243,272327675c43,petrol blue curtain terrazzo,"['col_petrol_blue', 'dec_curtain', 'mat_terrazzo']","['petrol blue', 'curtain', 'terrazzo']","['color', 'decoration', 'material']","{'col_petrol_blue|dec_curtain': 0.1191, 'col_petrol_blue|mat_terrazzo': 0.2821, 'dec_curtain|mat_terrazzo': 0.2196}",3,color+decoration+material
244,f9ffd010ebbd,petrol blue arch transept,"['col_petrol_blue', 'arc_arch', 'arc_transept']","['petrol blue', 'arch', 'transept']","['color', 'architecture', 'architecture']","{'col_petrol_blue|arc_arch': 0.1495, 'col_petrol_blue|arc_transept': 0.1007, 'arc_arch|arc_transept': 0.1815}",3,color+architecture+architecture
245,abc6b23e52e2,sage loggia copper,"['col_sage', 'arc_loggia', 'mat_copper']","['sage', 'loggia', 'copper']","['color', 'architecture', 'material']","{'col_sage|arc_loggia': 0.2413, 'col_sage|mat_copper': 0.1264, 'arc_loggia|mat_copper': 0.113}",3,color+architecture+material
246,80edb54a220f,overlapping floor pavilion,"['rel_overlapping', 'arc_floor', 'arc_pavilion']","['overlapping', 'floor', 'pavilion']","['relation', 'architecture', 'architecture']","{'rel_overlapping|arc_floor': 0.2147, 'rel_overlapping|arc_pavilion': 0.2001, 'arc_floor|arc_pavilion': 0.3081}",3,relation+architecture+architecture
247,5332804515d6,enclosed ottoman wall,"['spa_enclosed', 'fur_ottoman', 'arc_wall']","['enclosed', 'ottoman', 'wall']","['spatial', 'furniture', 'architecture']","{'spa_enclosed|fur_ottoman': 0.3022, 'spa_enclosed|arc_wall': 0.338, 'fur_ottoman|arc_wall': 0.3761}",3,spatial+furniture+architecture
248,707b877be54a,rammed earth bookshelf plant,"['mat_rammed_earth', 'fur_bookshelf', 'dec_plant']","['rammed earth', 'bookshelf', 'plant']","['material', 'furniture', 'decoration']","{'mat_rammed_earth|fur_bookshelf': 0.2051, 'mat_rammed_earth|dec_plant': 0.1838, 'fur_bookshelf|dec_plant': 0.2129}",3,material+furniture+decoration
249,f184888da9fa,layered hempcrete stone,"['qua_layered', 'mat_hempcrete', 'mat_stone']","['layered', 'hempcrete', 'stone']","['quality', 'material', 'material']","{'qua_layered|mat_hempcrete': 0.2085, 'qua_layered|mat_stone': 0.2834, 'mat_hempcrete|mat_stone': 0.1909}",3,quality+material+material
250,55824f2dc4e3,kinetic shadow subterranean aisle,"['lit_kinetic', 'spa_subterranean', 'arc_aisle']","['kinetic shadow', 'subterranean', 'aisle']","['lighting', 'spatial', 'architecture']","{'lit_kinetic|spa_subterranean': 0.2196, 'lit_kinetic|arc_aisle': 0.0784, 'spa_subterranean|arc_aisle': 0.2702}",3,lighting+spatial+architecture
251,2c7350b0579e,transparent desk side table,"['qua_transparent', 'fur_desk', 'fur_side_table']","['transparent', 'desk', 'side table']","['quality', 'furniture', 'furniture']","{'qua_transparent|fur_desk': 0.1646, 'qua_transparent|fur_side_table': 0.1378, 'fur_desk|fur_side_table': 0.4221}",3,quality+furniture+furniture
252,87b2813179ee,cold zinc linen,"['qua_cold', 'mat_zinc', 'mat_linen']","['cold', 'zinc', 'linen']","['quality', 'material', 'material']","{'qua_cold|mat_zinc': 0.268, 'qua_cold|mat_linen': 0.2152, 'mat_zinc|mat_linen': 0.261}",3,quality+material+material
253,8679bf333f16,nested central hard,"['rel_nested', 'spa_central', 'qua_hard']","['nested', 'central', 'hard']","['relation', 'spatial', 'quality']","{'rel_nested|spa_central': 0.1087, 'rel_nested|qua_hard': 0.1725, 'spa_central|qua_hard': 0.1272}",3,relation+spatial+quality
254,472d94b84e32,fireplace polycarbonate bone white,"['fix_fireplace', 'mat_polycarbonate', 'col_bone_white']","['fireplace', 'polycarbonate', 'bone white']","['fixture', 'material', 'color']","{'fix_fireplace|mat_polycarbonate': 0.2063, 'fix_fireplace|col_bone_white': 0.1973, 'mat_polycarbonate|col_bone_white': 0.2014}",3,fixture+material+color
255,792ebcbe3ac2,clustered porous arcade,"['rel_clustered', 'qua_porous', 'arc_arcade']","['clustered', 'porous', 'arcade']","['relation', 'quality', 'architecture']","{'rel_clustered|qua_porous': 0.1975, 'rel_clustered|arc_arcade': 0.2548, 'qua_porous|arc_arcade': 0.1489}",3,relation+quality+architecture
256,f462bc39d072,expansive noisy ceiling,"['spa_expansive', 'beh_noisy', 'arc_ceiling']","['expansive', 'noisy', 'ceiling']","['spatial', 'behavioral', 'architecture']","{'spa_expansive|beh_noisy': 0.2938, 'spa_expansive|arc_ceiling': 0.2097, 'beh_noisy|arc_ceiling': 0.2407}",3,spatial+behavioral+architecture
257,bc3ccf039a88,passive bench transept,"['beh_passive', 'fur_bench', 'arc_transept']","['passive', 'bench', 'transept']","['behavioral', 'furniture', 'architecture']","{'beh_passive|fur_bench': 0.2054, 'beh_passive|arc_transept': 0.2658, 'fur_bench|arc_transept': 0.1827}",3,behavioral+furniture+architecture
258,7d76fb24c0e1,standing lamp glass burnt sienna,"['fix_standing_lamp', 'mat_glass', 'col_burnt_sienna']","['standing lamp', 'glass', 'burnt sienna']","['fixture', 'material', 'color']","{'fix_standing_lamp|mat_glass': 0.2621, 'fix_standing_lamp|col_burnt_sienna': 0.1419, 'mat_glass|col_burnt_sienna': 0.2526}",3,fixture+material+color
259,1f5096f67567,sculpture pistachio black,"['dec_sculpture', 'col_pistachio', 'col_black']","['sculpture', 'pistachio', 'black']","['decoration', 'color', 'color']","{'dec_sculpture|col_pistachio': 0.2445, 'dec_sculpture|col_black': 0.2586, 'col_pistachio|col_black': 0.2682}",3,decoration+color+color
260,6efad98de7f6,monumental wood lofty,"['qua_monumental', 'mat_wood', 'spa_lofty']","['monumental', 'wood', 'lofty']","['quality', 'material', 'spatial']","{'qua_monumental|mat_wood': 0.1304, 'qua_monumental|spa_lofty': 0.3234, 'mat_wood|spa_lofty': 0.2644}",3,quality+material+spatial
261,94542af3dd44,arcade muted double-height,"['arc_arcade', 'qua_muted', 'spa_double_height']","['arcade', 'muted', 'double-height']","['architecture', 'quality', 'spatial']","{'arc_arcade|qua_muted': 0.1659, 'arc_arcade|spa_double_height': 0.1379, 'qua_muted|spa_double_height': 0.1198}",3,architecture+quality+spatial
262,62e410a5051b,heavy door beige,"['qua_heavy', 'arc_door', 'col_beige']","['heavy', 'door', 'beige']","['quality', 'architecture', 'color']","{'qua_heavy|arc_door': 0.2384, 'qua_heavy|col_beige': 0.171, 'arc_door|col_beige': 0.2308}",3,quality+architecture+color
263,6f87553bc7a9,limewash stool balcony,"['mat_limewash', 'fur_stool', 'arc_balcony']","['limewash', 'stool', 'balcony']","['material', 'furniture', 'architecture']","{'mat_limewash|fur_stool': 0.2402, 'mat_limewash|arc_balcony': 0.2018, 'fur_stool|arc_balcony': 0.281}",3,material+furniture+architecture
264,066e0e04c820,retreat ceiling door,"['beh_retreat', 'arc_ceiling', 'arc_door']","['retreat', 'ceiling', 'door']","['behavioral', 'architecture', 'architecture']","{'beh_retreat|arc_ceiling': 0.1699, 'beh_retreat|arc_door': 0.2377, 'arc_ceiling|arc_door': 0.4082}",3,behavioral+architecture+architecture
265,c22fa8488bad,whiteboard alcove floor,"['tec_whiteboard', 'arc_alcove', 'arc_floor']","['whiteboard', 'alcove', 'floor']","['technology', 'architecture', 'architecture']","{'tec_whiteboard|arc_alcove': 0.2063, 'tec_whiteboard|arc_floor': 0.325, 'arc_alcove|arc_floor': 0.3237}",3,technology+architecture+architecture
266,292c5e026f48,bookshelf black raw,"['fur_bookshelf', 'col_black', 'qua_raw']","['bookshelf', 'black', 'raw']","['furniture', 'color', 'quality']","{'fur_bookshelf|col_black': 0.1828, 'fur_bookshelf|qua_raw': 0.1163, 'col_black|qua_raw': 0.2881}",3,furniture+color+quality
267,f2091b2383f1,stool rhythmic deep blue,"['fur_stool', 'qua_rhythmic', 'col_deep_blue']","['stool', 'rhythmic', 'deep blue']","['furniture', 'quality', 'color']","{'fur_stool|qua_rhythmic': 0.2586, 'fur_stool|col_deep_blue': 0.1433, 'qua_rhythmic|col_deep_blue': 0.1439}",3,furniture+quality+color
268,fc2e491939b4,lingering dome armchair,"['beh_lingering', 'arc_dome', 'fur_armchair']","['lingering', 'dome', 'armchair']","['behavioral', 'architecture', 'furniture']","{'beh_lingering|arc_dome': 0.1673, 'beh_lingering|fur_armchair': 0.27, 'arc_dome|fur_armchair': 0.2236}",3,behavioral+architecture+furniture
269,9bcafc28dbad,lofty gathering overlapping,"['spa_lofty', 'beh_gathering', 'rel_overlapping']","['lofty', 'gathering', 'overlapping']","['spatial', 'behavioral', 'relation']","{'spa_lofty|beh_gathering': 0.1434, 'spa_lofty|rel_overlapping': 0.1297, 'beh_gathering|rel_overlapping': 0.2419}",3,spatial+behavioral+relation
270,da8494fce349,stool performing copper,"['fur_stool', 'beh_performing', 'mat_copper']","['stool', 'performing', 'copper']","['furniture', 'behavioral', 'material']","{'fur_stool|beh_performing': 0.2395, 'fur_stool|mat_copper': 0.2833, 'beh_performing|mat_copper': 0.1584}",3,furniture+behavioral+material
271,f5b2284f1ed4,cork niche door,"['mat_cork', 'arc_niche', 'arc_door']","['cork', 'niche', 'door']","['material', 'architecture', 'architecture']","{'mat_cork|arc_niche': 0.2343, 'mat_cork|arc_door': 0.2338, 'arc_niche|arc_door': 0.2818}",3,material+architecture+architecture
272,61bf29f0ac72,cork pistachio cobalt blue,"['mat_cork', 'col_pistachio', 'col_cobalt']","['cork', 'pistachio', 'cobalt blue']","['material', 'color', 'color']","{'mat_cork|col_pistachio': 0.3002, 'mat_cork|col_cobalt': 0.2391, 'col_pistachio|col_cobalt': 0.3085}",3,material+color+color
273,3dfa62b0e0d3,warm white mirror formal,"['col_warm_white', 'dec_mirror', 'qua_formal']","['warm white', 'mirror', 'formal']","['color', 'decoration', 'quality']","{'col_warm_white|dec_mirror': 0.1548, 'col_warm_white|qua_formal': 0.2656, 'dec_mirror|qua_formal': 0.1049}",3,color+decoration+quality
274,21e6e9f49d03,plinth narrow liminal,"['arc_plinth', 'spa_narrow', 'spa_liminal']","['plinth', 'narrow', 'liminal']","['architecture', 'spatial', 'spatial']","{'arc_plinth|spa_narrow': 0.185, 'arc_plinth|spa_liminal': 0.2629, 'spa_narrow|spa_liminal': 0.2528}",3,architecture+spatial+spatial
275,79838d0d62eb,projector beam double-height,"['tec_projector', 'arc_beam', 'spa_double_height']","['projector', 'beam', 'double-height']","['technology', 'architecture', 'spatial']","{'tec_projector|arc_beam': 0.2443, 'tec_projector|spa_double_height': 0.1216, 'arc_beam|spa_double_height': 0.2005}",3,technology+architecture+spatial
276,9faefa0b858c,hempcrete hard chaotic,"['mat_hempcrete', 'qua_hard', 'qua_chaotic']","['hempcrete', 'hard', 'chaotic']","['material', 'quality', 'quality']","{'mat_hempcrete|qua_hard': 0.174, 'mat_hempcrete|qua_chaotic': 0.1464, 'qua_hard|qua_chaotic': 0.1898}",3,material+quality+quality
277,79d3d93332d6,nave transparent focal glow,"['arc_nave', 'qua_transparent', 'lit_focal_glow']","['nave', 'transparent', 'focal glow']","['architecture', 'quality', 'lighting']","{'arc_nave|qua_transparent': 0.1424, 'arc_nave|lit_focal_glow': 0.0483, 'qua_transparent|lit_focal_glow': 0.3277}",3,architecture+quality+lighting
278,7e0c57e65f30,tadelakt oxblood rough,"['mat_tadelakt', 'col_oxblood', 'qua_rough']","['tadelakt', 'oxblood', 'rough']","['material', 'color', 'quality']","{'mat_tadelakt|col_oxblood': 0.1986, 'mat_tadelakt|qua_rough': 0.0772, 'col_oxblood|qua_rough': 0.1367}",3,material+color+quality
279,746028d290d7,vault tectonic dim,"['arc_vault', 'qua_tectonic', 'qua_dim']","['vault', 'tectonic', 'dim']","['architecture', 'quality', 'quality']","{'arc_vault|qua_tectonic': 0.2252, 'arc_vault|qua_dim': 0.1776, 'qua_tectonic|qua_dim': 0.2063}",3,architecture+quality+quality
280,dc35e85faf44,hempcrete sculpture low-chroma gray,"['mat_hempcrete', 'dec_sculpture', 'col_gray']","['hempcrete', 'sculpture', 'low-chroma gray']","['material', 'decoration', 'color']","{'mat_hempcrete|dec_sculpture': 0.1936, 'mat_hempcrete|col_gray': 0.2273, 'dec_sculpture|col_gray': 0.11}",3,material+decoration+color
281,b3157737fee1,cool ashlar stone burnt sienna,"['qua_cool', 'mat_ashlar_stone', 'col_burnt_sienna']","['cool', 'ashlar stone', 'burnt sienna']","['quality', 'material', 'color']","{'qua_cool|mat_ashlar_stone': 0.1586, 'qua_cool|col_burnt_sienna': 0.2076, 'mat_ashlar_stone|col_burnt_sienna': 0.2836}",3,quality+material+color
282,fc00e5e8dde4,arcade monolithic frosted glass,"['arc_arcade', 'qua_monolithic', 'mat_frosted_glass']","['arcade', 'monolithic', 'frosted glass']","['architecture', 'quality', 'material']","{'arc_arcade|qua_monolithic': 0.1574, 'arc_arcade|mat_frosted_glass': 0.1585, 'qua_monolithic|mat_frosted_glass': 0.1725}",3,architecture+quality+material
283,b356cfb30814,shower dappled layered,"['fix_shower', 'lit_dappled', 'qua_layered']","['shower', 'dappled', 'layered']","['fixture', 'lighting', 'quality']","{'fix_shower|lit_dappled': 0.1723, 'fix_shower|qua_layered': 0.2086, 'lit_dappled|qua_layered': 0.3965}",3,fixture+lighting+quality
284,821883f66243,velvet cool vermilion,"['mat_velvet', 'qua_cool', 'col_vermilion']","['velvet', 'cool', 'vermilion']","['material', 'quality', 'color']","{'mat_velvet|qua_cool': 0.1876, 'mat_velvet|col_vermilion': 0.3173, 'qua_cool|col_vermilion': 0.1912}",3,material+quality+color
285,5410c6c3093f,sequenced wardrobe desk,"['spa_sequenced', 'fur_wardrobe', 'fur_desk']","['sequenced', 'wardrobe', 'desk']","['spatial', 'furniture', 'furniture']","{'spa_sequenced|fur_wardrobe': 0.1931, 'spa_sequenced|fur_desk': 0.1821, 'fur_wardrobe|fur_desk': 0.3846}",3,spatial+furniture+furniture
286,efcfcfa5115b,zenithal light monolithic ceramic,"['lit_zenithal', 'qua_monolithic', 'mat_ceramic']","['zenithal light', 'monolithic', 'ceramic']","['lighting', 'quality', 'material']","{'lit_zenithal|qua_monolithic': 0.3103, 'lit_zenithal|mat_ceramic': 0.2522, 'qua_monolithic|mat_ceramic': 0.2652}",3,lighting+quality+material
287,df29fcc2ecdc,projector labyrinthine column,"['tec_projector', 'spa_labyrinthine', 'arc_column']","['projector', 'labyrinthine', 'column']","['technology', 'spatial', 'architecture']","{'tec_projector|spa_labyrinthine': 0.2268, 'tec_projector|arc_column': 0.1365, 'spa_labyrinthine|arc_column': 0.2904}",3,technology+spatial+architecture
288,b9cdf72084d7,monumental ceramic lofty,"['qua_monumental', 'mat_ceramic', 'spa_lofty']","['monumental', 'ceramic', 'lofty']","['quality', 'material', 'spatial']","{'qua_monumental|mat_ceramic': 0.1915, 'qua_monumental|spa_lofty': 0.3234, 'mat_ceramic|spa_lofty': 0.1523}",3,quality+material+spatial
289,9b2e89fcc0a9,enveloping ephemeral copper,"['lit_enveloping', 'qua_ephemeral', 'mat_copper']","['enveloping', 'ephemeral', 'copper']","['lighting', 'quality', 'material']","{'lit_enveloping|qua_ephemeral': 0.2948, 'lit_enveloping|mat_copper': 0.0692, 'qua_ephemeral|mat_copper': 0.1105}",3,lighting+quality+material
290,59193f88a617,beam chaotic cold,"['arc_beam', 'qua_chaotic', 'qua_cold']","['beam', 'chaotic', 'cold']","['architecture', 'quality', 'quality']","{'arc_beam|qua_chaotic': 0.1456, 'arc_beam|qua_cold': 0.182, 'qua_chaotic|qua_cold': 0.256}",3,architecture+quality+quality
291,590afd5cd7a6,refined coffee table filtered light,"['qua_refined', 'fur_coffee_table', 'lit_filter']","['refined', 'coffee table', 'filtered light']","['quality', 'furniture', 'lighting']","{'qua_refined|fur_coffee_table': 0.2214, 'qua_refined|lit_filter': 0.2602, 'fur_coffee_table|lit_filter': 0.1572}",3,quality+furniture+lighting
292,d7dd0dcb93b1,frosted glass desk emerald,"['mat_frosted_glass', 'fur_desk', 'col_emerald']","['frosted glass', 'desk', 'emerald']","['material', 'furniture', 'color']","{'mat_frosted_glass|fur_desk': 0.2457, 'mat_frosted_glass|col_emerald': 0.3438, 'fur_desk|col_emerald': 0.1548}",3,material+furniture+color
293,51a3fd96e7dd,monumental bathtub floor,"['qua_monumental', 'fix_bathtub', 'arc_floor']","['monumental', 'bathtub', 'floor']","['quality', 'fixture', 'architecture']","{'qua_monumental|fix_bathtub': 0.1211, 'qua_monumental|arc_floor': 0.1827, 'fix_bathtub|arc_floor': 0.3744}",3,quality+fixture+architecture
294,62a78c85a468,radiator brick raking,"['fix_radiator', 'mat_brick', 'lit_raking']","['radiator', 'brick', 'raking']","['fixture', 'material', 'lighting']","{'fix_radiator|mat_brick': 0.2101, 'fix_radiator|lit_raking': 0.2269, 'mat_brick|lit_raking': 0.2264}",3,fixture+material+lighting
295,14a2fd88ee85,muted low-chroma gray bed,"['qua_muted', 'col_gray', 'fur_bed']","['muted', 'low-chroma gray', 'bed']","['quality', 'color', 'furniture']","{'qua_muted|col_gray': 0.151, 'qua_muted|fur_bed': 0.2044, 'col_gray|fur_bed': 0.0831}",3,quality+color+furniture
296,ae1d8b7d90c2,light direct zinc,"['qua_light', 'lit_direct', 'mat_zinc']","['light', 'direct', 'zinc']","['quality', 'lighting', 'material']","{'qua_light|lit_direct': 0.3198, 'qua_light|mat_zinc': 0.2626, 'lit_direct|mat_zinc': 0.1441}",3,quality+lighting+material
297,93d74c90d789,aisle linen burnt sienna,"['arc_aisle', 'mat_linen', 'col_burnt_sienna']","['aisle', 'linen', 'burnt sienna']","['architecture', 'material', 'color']","{'arc_aisle|mat_linen': 0.3163, 'arc_aisle|col_burnt_sienna': 0.1366, 'mat_linen|col_burnt_sienna': 0.313}",3,architecture+material+color
298,082e89f19dbb,charcoal hard fireplace,"['col_charcoal', 'qua_hard', 'fix_fireplace']","['charcoal', 'hard', 'fireplace']","['color', 'quality', 'fixture']","{'col_charcoal|qua_hard': 0.1427, 'col_charcoal|fix_fireplace': 0.5152, 'qua_hard|fix_fireplace': 0.1293}",3,color+quality+fixture
299,afe1d75b53e2,narrow bench quiet,"['spa_narrow', 'fur_bench', 'beh_quiet']","['narrow', 'bench', 'quiet']","['spatial', 'furniture', 'behavioral']","{'spa_narrow|fur_bench': 0.213, 'spa_narrow|beh_quiet': 0.2881, 'fur_bench|beh_quiet': 0.2143}",3,spatial+furniture+behavioral
